timestamp,zipcode,number_outages,customers_served,customers_affected,percent_affected
2026-10-10T22:13:30.790Z,48892,1,2030,4,0.1
2026-10-10T22:13:30.790Z,48227,1,16971,4,0.01
2026-10-10T22:13:30.790Z,48111,1,22351,4,0.01
2026-10-10T22:13:30.790Z,48179,1,1505,4,0.07
2026-10-10T22:13:30.790Z,48044,1,21645,74,0.34
2026-10-10T22:13:30.790Z,48071,1,15431,4,0.01
2026-10-10T22:13:30.790Z,48224,1,15682,4,0.01
2026-10-10T22:13:30.790Z,48042,4,14255,7,0.05
2026-10-10T22:13:30.790Z,48180,4,28803,13,0.05
2026-10-10T22:13:30.790Z,48051,4,8526,528,6.19
2026-10-10T22:13:30.790Z,48239,1,16085,4,0.01
2026-10-10T22:13:30.790Z,48033,2,9115,6,0.07
2026-10-10T22:13:30.790Z,48335,1,12971,4,0.01
2026-10-10T22:13:30.790Z,48197,1,29706,4,0.01
2026-10-10T22:13:30.790Z,48025,1,6400,4,0.02
2026-10-10T22:13:30.790Z,48209,1,9491,5,0.05
2026-10-10T22:13:30.790Z,48195,1,15011,11,0.07
2026-10-10T22:13:30.790Z,48047,36,17883,343,1.92
2026-10-10T22:13:30.790Z,48381,1,7302,4,0.01
2026-10-10T22:13:30.790Z,48362,1,6767,4,0.01
2026-10-10T22:13:30.790Z,48228,1,21107,4,0.01
2026-10-10T22:13:30.790Z,48207,1,10566,4,0.01
2026-10-10T22:13:30.790Z,48238,1,11435,4,0.01